단어,빈도수
그,1629
것,1617
명윤,893
나,799
그녀,673
말,572
장,557
의선,529
얼굴,489
수,485
눈,463
사람,434
때,429
내,410
이,403
생각,315
뒤,299
자신,285
사진,274
인영,266
안,264
듯,250
여자,249
속,237
일,235
어둠,231
마치,228
몸,211
손,207
채,201
그것,190
거,187
곳,186
다시,186
때문,178
소리,167
앞,166
인,162
고,162
그때,158
전,153
의,151
집,150
시작,149
알,149
시간,148
장의,146
언니,143
두,143
더,142
영은,139
날,136
기억,135
게,131
거리,130
황곡,129
문,127
를,125
머리,123
쪽,121
고개,118
아이,117
어머니,117
방,117
살,117
명,116
어디,115
동안,114
밤,114
번,112
모두,110
목소리,109
왜,107
못,104
처음,103
무엇,103
대답,102
탄광,101
아내,101
위,100
빛,100
향,100
모양,99
었다,99
이야기,98
어깨,98
년,97
서울,96
은,95
마음,93
아버지,93
광부,91
순간,90
온,90
위해,89
길,88
모습,86
웃음,86
발,85
남자,85
저,84
끝,83
적,83
데,81
우리,81
차,81
술,80
하나,80
개,80
거기,80
듯이,79
도,78
좀,78
바람,78
불,78
어,77
이제,77
짐승,76
바다,76
모든,76
입,76
물,76
옆,76
만큼,75
몇,73
목,73
침묵,73
로,72
여기,71
만,70
등,70
해,69
이름,69
힘,68
임,68
보고,68
지금,67
옷,67
아낙,67
가장,67
두운,67
난,67
사이,67
무슨,66
사,66
위로,66
비,65
꿈,65
입술,64
전화,64
걸,64
다른,63
조금,63
그날,63
분,62
벽,62
대한,62
줄,61
햇빛,61
기,60
리,59
요,58
함,58
팔,58
꼭,57
숨,57
사진관,57
선배,57
시선,56
이상,56
피,55
선,55
가지,54
아침,54
거의,54
애,53
사택,53
오히려,53
자리,53
카메라,53
바로,52
뭐,52
볼,52
남아,51
눈물,51
대신,51
얼마나,50
달,49
버스,49
다음,49
도시,48
기사,48
층,48
따위,48
건,48
네,48
사내,48
막장,47
하늘,47
전혀,46
잠시,46
아무,46
바닥,46
역시,45
세,45
가슴,45
겨울,45
누군가,45
마,45
산,45
혼자,45
진,45
누구,45
상처,44
계속,44
정말,44
간,44
구,44
세상,44
감,44
잠,43
부분,43
해도,43
보,43
음,43
주인,43
오,42
갱도,42
면,42
마을,41
회사,41
소,41
사고,41
다리,41
촌,41
실,41
골목,40
월산,40
점,40
자,40
표정,40
뺨,40
시,40
저녁,40
세계,39
중,39
언제,39
허리,39
돈,39
작업,39
이번,38
창문,38
가방,38
가운데,38
마침내,38
상태,37
용수,37
이마,37
턱,37
마지막,37
기차,36
골짜기,36
던,36
사무실,36
새벽,36
귀,36
치,35
인간,35
한번,35
외투,35
음성,35
중학교,35
반,35
부,34
누,34
광업,34
대하,34
냄새,34
탓,34
연,34
담배,33
택시,33
밖,33
정도,33
무릎,33
여러,33
타고,33
식,33
학교,33
았,32
너,32
필름,32
리라,32
더욱,32
삼십,32
창,32
터,31
대해,31
바깥,31
대로,31
고통,31
삶,31
무,31
먼저,31
여,30
후,30
불빛,30
이오,30
약간,30
아래,30
막,30
의식,30
제,30
신문,30
걸음,30
라면,30
일이,29
질문,29
의자,29
세면장,29
계단,29
손가락,29
당신,29
뿐,29
사실,28
연골,28
혀,28
인상,28
잡지,28
부엌,28
건물,28
주먹,28
취재,28
좌석,28
키,28
나이,28
폐광,27
임의,27
열차,27
코,27
공간,27
책,27
노인,27
단,27
수도,27
열,26
결코,26
갑자기,26
얼마,26
그게,26
몹시,26
현관,26
어둔리,26
제법,26
사슴,26
늘,26
오후,26
또,25
보이지,25
동료,25
통,25
십,25
땀,25
전날,25
눈길,25
침대,25
비명,25
땅,25
찬,25
며,25
허공,25
풍경,25
침,25
어조,24
눈빛,24
병원,24
낯선,24
존재,24
려,24
노래,24
생,23
바지,23
화장,23
공기,23
대합실,23
촬영,23
빈,23
주머니,23
책상,23
수화기,23
돌,23
낮,23
스스로,23
잔,23
울음,23
스크랩,23
쯤,23
서서,23
내부,23
달리,23
거나,23
십대,22
천장,22
폐,22
북,22
쥐,22
습기,22
짐작,22
아주,22
편,22
여행,22
가득,22
전의,22
다만,22
수가,22
발견,22
금방,22
친구,22
눈발,22
과,21
소설,21
상상,21
식당,21
뒷모습,21
오빠,21
테,21
미터,21
죽,21
미소,21
기도,21
첫,21
동네,21
깨,21
지도,21
구두,21
그동안,21
만일,21
보이,21
다섯,21
둘,21
성격,21
가야,21
감정,20
황,20
일단,20
오늘,20
정리,20
내일,20
울,20
까닭,20
가족,20
설명,20
준,20
그냥,20
새,20
배,20
처,20
뭘,20
시절,20
호,20
니,20
물이,20
시계,20
불안,20
필요,19
밑,19
문장,19
일요일,19
안전,19
투성이,19
일기,19
근처,19
길이,19
짝,19
몸뚱이,19
매점,19
똑바로,19
터널,19
무수,19
보지,19
어딘가,19
남,19
손바닥,19
방향,19
애가,19
주름,19
감각,19
바,19
봄,19
쉬,19
서서히,18
틈,18
정,18
잠깐,18
원래,18
안쪽,18
객차,18
수첩,18
제대로,18
머릿속,18
곧,18
타,18
구조,18
걸음걸이,18
도로,18
편이,18
란,18
사랑,18
땅속,18
녀,18
구석,18
차례,18
석,18
자기,18
걱정,18
글,18
얼,18
긴장,18
확인,18
처럼,18
발짝,18
관계,18
반복,18
한쪽,18
시가지,18
조그만,18
정신,18
이빨,18
가요,18
고함,18
마주,18
하루,18
렸다,17
스웨터,17
문제,17
이불,17
온몸,17
유리,17
역,17
바싹,17
표,17
기침,17
무덤,17
일행,17
놈,17
염려,17
말씨,17
살이,17
무렵,17
몸부림,17
동작,17
곤,17
뜻,17
보기,17
병,17
희망,17
기분,17
덩어리,17
지하,17
최,17
조심,17
예전,17
흔적,17
머리털,17
점점,17
나무,17
가루,17
직접,17
색,17
이십,17
의지,17
편지,17
무대,16
연락,16
고향,16
번호,16
윤아,16
당장,16
달라,16
기자,16
아들,16
몸속,16
행동,16
주민등록,16
아마,16
지고,16
갱,16
느낌,16
방금,16
목욕,16
한마디,16
응시,16
흙,16
읍,16
상,16
입구,16
끼,16
겹,16
박물관,16
안경,16
입가,16
예의,16
원고,16
생활,16
크게,16
구멍,16
태도,16
상자,16
당황,16
차림,16
탁자,16
알몸,16
장지문,15
물어,15
목덜미,15
단지,15
먼지,15
밥,15
굴,15
현실,15
모,15
창밖,15
중년,15
광산,15
안이,15
상대,15
여름,15
이면,15
멀리,15
잔뜩,15
넋,15
호주머니,15
일제,15
외,15
이유,15
람,15
얘기,15
금,15
계곡,15
잡고,15
너머,15
윤,15
코트,15
인화,15
이해,15
운,15
지난,15
인화지,15
자세,15
자꾸만,15
후회,15
옥상,15
눈앞,15
다가,15
재,15
하자,15
성,14
준비,14
손톱,14
마당,14
약,14
부장,14
오전,14
관,14
카페,14
기색,14
암실,14
지나,14
배낭,14
상체,14
인적,14
차창,14
여관,14
삼,14
잠자코,14
가면,14
이후,14
누나,14
가까이,14
흉터,14
원,14
털,14
내내,14
작,14
짐,14
사진기,14
민영,14
그늘,14
대뜸,14
한강,14
기운,14
폭발,13
자료,13
작가,13
정작,13
뿔,13
신음,13
칼,13
강원도,13
비틀,13
최대한,13
시내,13
통과,13
녀석,13
풀,13
그림자,13
활짝,13
변,13
여덟,13
승용차,13
콘크리트,13
리가,13
육체,13
초반,13
대체,13
엄마,13
신,13
목구멍,13
감고,13
방문,13
막상,13
화,13
일곱,13
지하철,13
느,13
줄곧,13
주민,13
산들,13
소스,13
한숨,13
피로,13
부탁,13
석탄,13
경계,13
법,13
어쩌면,13
화장실,13
농담,13
전부,13
면서,13
린,13
공포,13
적요,13
눈살,13
형광등,13
윤곽,13
이내,13
빚,13
중앙,13
초등학교,12
불꽃,12
어진,12
짓,12
겨,12
더러,12
질,12
찾기,12
집의,12
대화,12
매,12
머리카락,12
대학,12
진짜,12
외로움,12
찍,12
답,12
판,12
고작,12
용,12
임영석,12
간밤,12
테이블,12
호기심,12
대꾸,12
오른쪽,12
이건,12
글쎄,12
자취,12
매우,12
과연,12
눈송이,12
은행,12
데리,12
속력,12
점심,12
사방,12
가게,12
다행,12
지붕,12
파마머리,12
대고,12
오지,12
움직,12
판단,12
시체,12
물건,12
시청,12
화숙,12
저쪽,12
의아,11
원피스,11
경관,11
구름,11
세시,11
줄기,11
지갑,11
천,11
고스,11
계획,11
눈꺼풀,11
안간힘,11
스물,11
머,11
통증,11
간다,11
주,11
살피,11
춤,11
날씨,11
서로,11
팔짱,11
약속,11
재차,11
음악,11
과자,11
장면,11
크기,11
복도,11
소파,11
시각,11
평,11
름,11
끈,11
흡사,11
중간,11
누가,11
열쇠,11
만난,11
건가,11
찍기,11
흠,11
뭔가,11
제발,11
역전,11
도착,11
꽃,11
이력서,11
사물,11
아홉,11
호의,11
화산,11
가장자리,11
행,11
지난해,11
장소,11
토,11
직전,11
초,11
주의,11
인물,11
문득,11
아랫목,11
시늉,11
목발,11
회,11
마찬가지,11
의심,10
운동장,10
제약회사,10
주소,10
여자애,10
최근,10
승강기,10
저었다,10
손등,10
가까스로,10
분노,10
버,10
방파제,10
강,10
일찍,10
졸음,10
맨,10
주변,10
식구,10
방바닥,10
안도,10
평소,10
다소,10
소로,10
절망,10
조각,10
마침,10
정류장,10
별안간,10
차라리,10
좀더,10
선반,10
소녀,10
안고,10
나이트클럽,10
약초,10
실제,10
황곡시,10
모서리,10
손아귀,10
두번째,10
수건,10
모조리,10
자국,10
벌써,10
지대,10
대부분,10
로부터,10
관심,10
맨발,10
전화기,10
오기,10
죽음,10
곁,10
푸른,10
경멸,10
회색,10
십여,10
취한,10
꽤,10
인사,10
내면,10
만날,10
럼,10
오십,10
직장,10
번쩍,10
지점,10
즈음,10
깊이,10
사흘,10
딸,10
분위기,10
수십,10
둥,10
튜브,10
여덟시,9
그다지,9
근무,9
마는,9
습관,9
폐교,9
안방,9
가기,9
주로,9
자고,9
이틀,9
바깥쪽,9
각,9
제안,9
바구니,9
선생님,9
카,9
방이,9
공부,9
비로소,9
횡단보도,9
국도,9
과정,9
맑은,9
간격,9
은밀,9
위쪽,9
안전모,9
워,9
덩,9
불구,9
방안,9
취재원,9
청년,9
내용,9
옛날,9
대가,9
절,9
보아,9
장인,9
도록,9
운전,9
잡,9
나신,9
봄날,9
배경,9
거부,9
계산,9
함부로,9
양말,9
발끝,9
실망,9
담,9
로비,9
나선,9
서너,9
척,9
자연,9
며칠,9
끝내,9
살의,9
맞은편,9
일도,9
개월,9
아가씨,9
지방,9
웃,9
무곡,9
형,9
신고,9
인내,9
토우,9
말로,9
묵,9
제주도,9
예감,9
장작,9
갱지,9
작품,9
과장,9
고속버스,9
친,9
커튼,9
종이,9
질끈,9
인지도,9
부터,9
전체,9
밀,9
높이,9
놀림,9
자식,9
여섯,9
칠,9
화가,9
공,9
것일,9
낼,9
눈밭,9
단서,9
찰나,9
단호,9
위치,9
더군다나,9
걸터,9
한잔,9
검,9
욕설,9
기회,8
분간,8
대문,8
호흡,8
노파,8
저희,8
구덩이,8
충격,8
셔터,8
월급,8
옷장,8
초꽃,8
반면,8
한참,8
겨드랑이,8
간혹,8
매달,8
방울,8
잘못,8
절대로,8
출입문,8
허물,8
철,8
중반,8
작업복,8
여인숙,8
얼음,8
열시,8
또렷,8
육,8
혹시,8
운동화,8
꼬리,8
른,8
검정고시,8
고등학교,8
열기,8
필사,8
출구,8
이기,8
검지,8
유리창,8
인도,8
엉망,8
블록,8
더구나,8
종종,8
등뒤,8
벨,8
미리,8
주지,8
사무,8
마디,8
염색,8
매미,8
타인,8
속도,8
밀고,8
킬로미터,8
뜻밖,8
와락,8
숨소리,8
느티나무,8
등록증,8
낯,8
무늬,8
아주머니,8
동시,8
끌,8
여기저기,8
아가,8
우뚝,8
환멸,8
소매,8
손목,8
차선,8
골,8
이전,8
조,8
중심,8
지역,8
나라,8
체,8
인제,8
일주일,8
질주,8
기어,8
놀란,8
뼈,8
어가,8
세번,8
가운,8
도저히,8
월세,8
연탄,8
확신,8
텔레비전,8
마련,8
수면,8
몸집,8
달리기,8
연기,8
오리,8
가파른,8
내지,8
황성,8
꼬박,8
파도,8
사진작가,8
통로,8
실감,8
인지,8
시야,8
철로,8
직원,8
경험,8
값,8
검댕,8
거짓말,8
텅,8
그대로,8
소포,8
두려움,8
이의,8
진행,8
면도,8
벌레,8
죄,8
아홉시,8
라이터,8
여직원,8
지옥,8
바늘,8
플래시,8
파카,8
아부지,8
고백,8
장편소설,7
숲,7
정면,7
비난,7
풀이,7
동전,7
곤로,7
승객,7
영화,7
주기,7
탈,7
발파,7
장형,7
푼,7
팔뚝,7
번역,7
아르바이트,7
뒤편,7
옥탑방,7
철제,7
수도꼭지,7
금은,7
무표정,7
최선,7
웅덩이,7
토악질,7
잡지사,7
셋,7
뿌리,7
명의,7
열자,7
점포,7
자동차,7
입속,7
시멘트,7
대야,7
갈색,7
관찰,7
흠뻑,7
합,7
동사무소,7
사건,7
화제,7
진눈깨비,7
의미,7
가작,7
젠장,7
우두커니,7
물기,7
외부,7
결박,7
트,7
발가락,7
기록,7
뭉치,7
푸르스름,7
거울,7
군데,7
자주,7
소식,7
살갗,7
모포,7
간이,7
일정,7
후반,7
덩이,7
현관문,7
시장,7
리지,7
외딴,7
반드시,7
여자아이,7
영,7
겁,7
부끄러움,7
미처,7
손길,7
일일이,7
트럭,7
도대체,7
추측,7
설,7
양복,7
복,7
뒤쪽,7
운명,7
애정,7
경악,7
비롯,7
비닐,7
공장,7
피해,7
보라,7
진심,7
전선,7
설령,7
새끼,7
만하,7
흐,7
용기,7
젠,7
안개,7
껍질,7
보도블록,7
기계,7
임씨,7
점방,7
버려진,7
모로,7
변화,7
정적,7
계,7
신호,7
물결,7
동의,7
억,7
뉴스,7
인구,7
과거,7
치마,7
몸짓,7
충동,7
그린,7
보도,7
어찌,7
연민,7
저편,7
붙이,7
팔고,7
갱목,7
실내,7
점퍼,7
난로,7
노력,7
물음,7
주저,7
카드,7
웃음소리,7
취중,7
여인,7
마저,7
밤새,7
결,7
소원,7
열차표,7
빈손,7
교육청,7
광,7
영안,7
별로,7
녘,7
다해,7
결혼,7
비키니,7
과일,7
지하방,7
소개,7
욕,7
수만,7
껍데기,7
개인,7
조건,7
졸업,7
변두리,7
걸이,7
응,7
계란,7
눈보라,7
발자국,7
승낙,7
부정,6
차려,6
폐석,6
지지,6
취기,6
변명,6
출발,6
자위,6
허벅지,6
널,6
전국,6
사환,6
차마,6
스무,6
더니,6
경련,6
뚜벅뚜벅,6
진작,6
인쇄,6
제기랄,6
맥주,6
유지,6
고집,6
나름,6
교,6
반대,6
경우,6
휘,6
토요일,6
산간,6
취하,6
유언,6
물속,6
특유,6
칸,6
요새,6
청,6
비교,6
일종,6
착각,6
가다가,6
인천,6
장갑,6
형편,6
저런,6
정이,6
유,6
묘,6
젖가슴,6
끈끈,6
당부,6
전시,6
일대,6
친척,6
어머,6
아아,6
이미지,6
목숨,6
혀끝,6
집중,6
어보,6
멋,6
예상,6
깔깔,6
왕,6
가끔,6
덕분,6
정지,6
현장,6
느릿느릿,6
맺혔다,6
깃,6
눈썹,6
여태껏,6
교복,6
기쁨,6
물끄러미,6
겹겹이,6
종류,6
출장,6
마리,6
학적,6
흐느끼,6
억지로,6
어서,6
보상금,6
허기,6
힘껏,6
물살,6
꽉,6
셈,6
외출,6
아궁이,6
현재,6
고도,6
후락,6
지명,6
공중전화,6
술병,6
흰자위,6
다기,6
보호자,6
튀어,6
방법,6
두시,6
토박이,6
얼음장,6
장종,6
욱,6
색깔,6
명령,6
취해,6
비닐봉지,6
제나,6
어쩐지,6
누운,6
내장,6
벽지,6
뿜,6
어쨌든,6
형상,6
비어,6
젊음,6
투,6
문턱,6
찻집,6
일로,6
대지,6
소주,6
안내,6
진저리,6
슬리퍼,6
포말,6
얼마간,6
백치,6
읍내,6
부담,6
스위치,6
좌,6
오른,6
봉투,6
진폐,6
파이프,6
증명사진,6
책꽂이,6
현상,6
일인,6
간판,6
걸레,6
뒷걸음질,6
한순간,6
계절,6
하룻밤,6
목적지,6
러,6
입자,6
뭉,6
더미,6
꼬,6
사망자,6
봉지,6
신발,6
나로,6
무작정,6
뇌까렸다,6
꼭대기,6
거절,6
덜,6
셔츠,6
찬물,6
외면,6
봉우리,6
목도리,6
귀퉁이,6
구석구석,6
염,6
페이지,6
좌절,6
액,6
겸,6
코너,6
혹,6
대기,6
일면,6
갈수록,6
인생,6
순식간,6
담요,6
축,6
상투,6
남녀,6
여태,6
밤바람,6
음식,6
처리,6
버티고,6
소년,6
넋두리,6
입원,6
인용,5
역무,5
원망,5
그리움,5
대조,5
보통,5
미인,5
방식,5
칸막이,5
언덕,5
배기,5
골짝,5
심,5
무적인,5
남편,5
수초,5
햇볕,5
눈동자,5
컷,5
대접,5
렌즈,5
곡선,5
일시,5
대낮,5
박스,5
주말,5
덕항산,5
멋쩍,5
오른손,5
통화,5
갈망,5
작정,5
활,5
겨우,5
공용,5
집들이,5
가량,5
순,5
간부,5
우유,5
실리,5
송곳니,5
손님,5
금고,5
체온,5
폭,5
무너,5
심상하,5
말끝,5
인정,5
덧,5
고립,5
전전,5
눈치,5
감지,5
혼잣말,5
넌,5
행방,5
생김새,5
반사,5
가능성,5
의문,5
것임,5
녹슨,5
몸매,5
개발,5
센티미터,5
무척,5
손목시계,5
가수,5
혈관,5
별,5
파출소,5
말투,5
식사,5
지기,5
뒤통수,5
후배,5
결혼식,5
문학동네,5
부스,5
위협,5
승강장,5
남짓,5
소문,5
그다음,5
월,5
증거,5
재떨이,5
심부름,5
출근,5
고정,5
교육,5
움,5
서도,5
경사,5
산업,5
프라이팬,5
끄덕,5
전기,5
화요일,5
속옷,5
얼핏,5
우체국,5
슈퍼,5
출신,5
캔,5
소름,5
작고,5
자락,5
굽,5
광원,5
재촉,5
외지,5
액체,5
포,5
다섯시,5
스,5
동이,5
동물,5
탁,5
한식,5
나머지,5
유인물,5
무명,5
푸른빛,5
스탠드,5
손잡이,5
참으로,5
참을성,5
흉,5
항의,5
얼레,5
다운,5
허름,5
냇물,5
바위,5
터미널,5
식은땀,5
달력,5
바삐,5
부부,5
집도,5
가죽,5
대형,5
희끗희끗,5
화전,5
열세,5
지연,5
공격,5
섬광,5
반발,5
자라,5
칠흑,5
왼쪽,5
장화,5
야기,5
골똘,5
날짜,5
스테이지,5
대의,5
본능,5
욕망,5
지은,5
떡,5
성과,5
합리화,5
깨달,5
광기,5
문화,5
가도,5
동생,5
볼품,5
만이,5
카메,5
라,5
시골,5
구입,5
포기,5
좌판,5
날름,5
층계,5
슬래브,5
밭,5
저기,5
불어,5
음영,5
므,5
빨래,5
포구,5
녜,5
물잔,5
혼란,5
십오,5
솜씨,5
추위,5
딸꾹질,5
양,5
우울,5
주발,5
김,5
불평,5
지폐,5
물줄기,5
자동,5
군대,5
비탈길,5
급,5
빌어먹을,5
전화선,5
붕괴,5
운전사,5
좀처럼,5
아예,5
소읍,5
기대,5
세면대,5
비죽,5
건너편,5
론,5
감촉,5
로만,5
함정,5
한자,5
비밀,5
귀가,5
어쩌다가,5
사체,5
기껏,5
등지,5
생기,5
캐비닛,5
벌린,5
통해,5
귀신,5
사위,5
엄살,5
나중,5
빛깔,5
포착,5
찰흙,5
문학상,5
열람,5
단어,5
꽁지머리,5
홀린,5
가치,5
캐,5
용케,5
혐오,5
밥상,5
앞서,5
피하,5
팔로,5
려고,5
화상,5
엄지손가락,5
어째서,5
햇,5
대충,5
금세,5
처지,5
꼴,5
귓속,5
뉘었다,5
이나,4
낚싯배,4
서랍,4
숙제,4
전이,4
최소한,4
갈수,4
르,4
검정,4
반닫이,4
분별,4
또박또박,4
와이셔츠,4
일본어,4
벌,4
맛,4
우려,4
두툼,4
아래층,4
보관,4
껄껄,4
악,4
불분명,4
발음,4
운행,4
쇠,4
갓,4
가의,4
디,4
혼,4
입지,4
적막,4
수수께끼,4
솜,4
구부리,4
양반,4
방해,4
기세,4
어른,4
울림,4
새끼손가락,4
비치,4
헤,4
돼지고기,4
홀리데이,4
옥죄,4
관련,4
외치,4
직,4
바랜,4
구둣발,4
시기,4
너희,4
실태,4
눈가,4
꾼,4
은박,4
들쥐,4
가난,4
글씨,4
교무,4
희망이,4
색채,4
연한,4
장마,4
휴일,4
반응,4
실수,4
삼분,4
따라서,4
육지,4
야산,4
발행,4
기진,4
품,4
신경,4
연도,4
영도,4
홈,4
직감,4
틀,4
켜,4
앳된,4
흥분,4
태운,4
갑,4
평화,4
야간,4
보조,4
한편,4
지탱,4
낚시,4
증오,4
충,4
편집,4
회의,4
반항,4
살갖,4
황곡역,4
광화문,4
응급실,4
차지,4
허락,4
음음,4
엉거주춤,4
큰길,4
얘,4
그림,4
여럿,4
도시락,4
포복,4
주문,4
여름날,4
움푹,4
인터뷰,4
밤색,4
뿔테,4
복사기,4
흑판,4
진정,4
톱밥,4
굽이,4
조립,4
경비실,4
말씀,4
었는데,4
았던,4
꿈틀,4
변기,4
다,4
선로,4
티셔츠,4
벽돌,4
층집,4
서행,4
폐차,4
심지어,4
해안,4
집안,4
녹,4
여유,4
설마,4
난간,4
환기,4
책상다리,4
쇼,4
윈도,4
피부,4
석유,4
런,4
대요,4
쉰,4
상기,4
라디오,4
조명,4
병방,4
정황,4
여느,4
또한,4
먹구름,4
공사,4
절반,4
쓰레기봉지,4
쓰레기,4
샤워,4
타지,4
짐짓,4
지속,4
그물,4
가스,4
모금,4
쥐색,4
지하도,4
무관,4
할머니,4
친김,4
평생,4
우스,4
가위,4
왈칵,4
경이,4
창틀,4
형식,4
뭉크,4
버릇,4
혼령,4
반듯이,4
글쎄요,4
마르고,4
핏기,4
기어이,4
먼발치,4
창턱,4
선택,4
운영,4
먹물,4
흑백사진,4
기슭,4
목욕탕,4
측면,4
검은색,4
무시,4
상황,4
징,4
나흘,4
묶음,4
엉덩이,4
울음소리,4
건너,4
어제,4
남지,4
온통,4
매력,4
숟가락,4
형체,4
정수리,4
풍선,4
귀염,4
지상,4
모퉁이,4
전화번호,4
닷,4
안색,4
스커트,4
그땐,4
진열,4
라며,4
주방,4
동요,4
온수,4
팔다리,4
부인,4
코르덴,4
몸뚱,4
나가야,4
친밀,4
거품,4
설득,4
차도,4
장부,4
스타일,4
카운터,4
미련,4
트리밍,4
싱크대,4
냉장고,4
이용,4
액자,4
조차,4
간지,4
그믐밤,4
표지,4
이천,4
필터,4
오줌,4
필자,4
결정,4
조치,4
쩍,4
작업실,4
싸인,4
왼손,4
깜박,4
온갖,4
떼,4
악몽,4
곤혹,4
남자에게,4
남매,4
오케이,4
블라우스,4
갖,4
드,4
환영,4
흑백,4
언뜻,4
구별,4
몰골,4
경찰서,4
학,4
사이사이,4
북쪽,4
었,4
흐흐,4
포장마차,4
꼼짝,4
썰물,4
비탈,4
현금,4
중고,4
햇살,4
벗,4
로서,4
신경질,4
심장,4
베개,4
유학,4
으레,4
그로,4
단아,4
생시,4
발라,4
지그시,4
아빠,4
이자,4
산길,4
개천,4
다짐,4
자전거,4
호적,4
적의,4
웃기,4
암흑,4
독자,4
진담,4
과묵,4
신의,4
삼십분,4
명부,4
악의,4
영세,4
전공,4
자신감,4
앞쪽,4
육중,4
베니어,4
친친,4
정강이,4
억양,4
녹초,4
형성,4
성벽,4
호감,4
일부,4
찌,4
첫날,4
산골,4
한나절,4
황곡행,4
뒤채,4
펜,4
형태,4
광채,4
지불,4
전복,4
수영,4
그네,4
제각기,4
저으,4
몰입,4
제일,4
꿈속,4
대처,4
탈출,4
고막,4
무기,4
술집,4
아기,4
각각,4
두서,4
노,4
슬레이트,4
단층,4
한눈,4
발작,4
연결,4
칼날,4
내기,4
열정,4
거지,4
처녀,4
치료,4
예,4
재미,4
밑바닥,4
걷기,4
전형,4
역사,4
오직,4
슬픔,4
가라,4
영혼,4
압축,4
기관차,4
무게,4
관목,4
살수,4
세월,4
광고,4
팔절,4
권,4
합격,4
노골,4
필체,4
택,4
화재,4
의사,4
거짓,4
러닝,4
거머,4
핵,3
세로,3
비비,3
노점,3
에너지,3
보더,3
색색,3
쌀,3
트리,3
황사,3
얼룩,3
허겁지겁,3
분량,3
광주,3
정문,3
아픔,3
새치,3
밴드,3
질투,3
거무,3
별거,3
현,3
어딘,3
태,3
돌발,3
자꾸,3
발길,3
메모,3
사춘기,3
매표구,3
함석,3
녹색,3
요란,3
누렇,3
불과,3
짜증,3
기름,3
몸서리,3
배회,3
합격자,3
명단,3
생활비,3
골몰,3
사려,3
흠칫,3
고생,3
심경,3
장보,3
우리나라,3
러운,3
오십천,3
초저녁,3
심심,3
입김,3
변색,3
여보,3
산이,3
숙소,3
물체,3
성큼성큼,3
별일,3
장롱,3
봉제,3
화면,3
점심시간,3
가신,3
적용,3
경황,3
소수,3
관광,3
커피,3
끼리,3
상대방,3
무감각,3
옷차림,3
묶인,3
사업,3
헤엄,3
마중,3
기름기,3
손질,3
손깍지,3
연달,3
버럭,3
강읍,3
탐색,3
매일,3
톤,3
영한사전,3
결과,3
제스처,3
등본,3
통제,3
음료수,3
거듭,3
충혈,3
시지,3
말수,3
청탁,3
벌이,3
성적,3
군용,3
과외,3
괴로움,3
자랑,3
이십오,3
부서,3
매혹,3
종,3
스토리,3
굳이,3
호두과자,3
좌우,3
스트로,3
댁,3
사서,3
일부러,3
먹기,3
멘트,3
정목,3
앞머리,3
소동,3
열한,3
머금었다,3
실종,3
잠결,3
앞뒤,3
국,3
은색,3
어귀,3
레이,3
레,3
지게,3
저리,3
응달,3
딱지,3
인형,3
우연이,3
주병,3
기둥,3
사진가,3
뚝뚝,3
어학,3
영락,3
몰래,3
고무,3
겉옷,3
무니,3
대자,3
차고,3
슬,3
슴,3
어차피,3
균형,3
자존심,3
센티,3
미화,3
희끗,3
고비,3
종일,3
마다,3
형제,3
무방비,3
신상,3
당한,3
일과,3
경기,3
관방,3
까풀,3
누이,3
록,3
차량,3
맹목,3
역정,3
설계,3
우물,3
건성,3
나비,3
씨,3
가시,3
장례식,3
곳곳,3
살짝,3
조화,3
바닷가,3
젖,3
핑계,3
국물,3
오라,3
자의,3
음험,3
선의,3
똬리,3
답지,3
신혼부부,3
프로그램,3
번화가,3
한구석,3
일렬,3
장판,3
직사각형,3
고발,3
꼭꼭,3
치면,3
나일론,3
응답,3
벌떡,3
학창,3
발바닥,3
군,3
레일,3
세대,3
분진,3
뼘,3
가구,3
악취,3
싸락눈,3
시종,3
비루,3
콧노래,3
정차,3
목쉰,3
숫,3
시내버스,3
호실,3
기적,3
늑대,3
삼각대,3
랗,3
폐쇄된,3
훌쩍,3
닌,3
멀티,3
나뭇가지,3
삼천원,3
곧바로,3
빗,3
시차,3
퍼뜩,3
천원,3
수효,3
료,3
이부자리,3
정부,3
굉음,3
미심,3
무력감,3
와이퍼,3
실물,3
이목구비,3
찬밥,3
깍지,3
꿰,3
거푸,3
산다,3
완,3
티,3
거세,3
요구,3
맺힌,3
미래,3
명치,3
침목,3
여장,3
짊,3
아유,3
이로,3
일어나지,3
열중,3
막내,3
옆모습,3
고객,3
체구,3
다변,3
수포,3
하니,3
타래,3
학생,3
미로,3
마구,3
었던,3
철길,3
탈선,3
광대뼈,3
청주,3
휴가,3
경,3
시계탑,3
기간,3
백화점,3
짬,3
오징어,3
팽,3
무성,3
한기,3
근육,3
배달,3
청색,3
물감,3
방패연,3
결심,3
뜸,3
트렌치코트,3
모기,3
시원,3
고여,3
여름밤,3
성품,3
해결,3
지능,3
가세,3
인사말,3
숨기,3
볕,3
모종,3
들판,3
번의,3
여간,3
행인,3
주택가,3
젓가락,3
숙식,3
불벌레,3
발목,3
새우,3
추궁,3
해지,3
체념,3
배반,3
두코,3
량,3
박,3
광장,3
배웅,3
야근,3
수백,3
익,3
가로,3
떨기,3
매표원,3
프린트,3
편의,3
마감,3
게다가,3
삼사,3
묵고,3
튕,3
장비,3
매가,3
배우,3
지근,3
급속도,3
자체,3
활자,3
받침,3
통틀어,3
업,3
소가,3
정육점,3
곳도,3
갈기갈기,3
이따,3
깁스,3
적도,3
즉시,3
오십천이,3
반박,3
병신,3
대체로,3
전방,3
한시,3
시설,3
설산,3
구나,3
발휘,3
외마디,3
완강,3
가건물,3
차이,3
되풀이,3
동정,3
송두리째,3
빗질,3
출판사,3
쟁반,3
책임,3
바보,3
어딘데,3
엄습,3
취,3
불길,3
앙금,3
커피숍,3
이사,3
일곱시,3
대책,3
그닥,3
삼발이,3
방도,3
배열,3
용소,3
시인,3
뱃속,3
종적,3
살기,3
주시,3
채비,3
일어,3
청테이프,3
정밀,3
사적,3
전대,3
매표소,3
추가,3
규모,3
곡산,3
팔백,3
고려,3
뾰죽,3
흐느껴,3
닥,3
번만,3
수천,3
범,3
추락,3
방습,3
태아,3
부리,3
날개,3
예비군,3
제지,3
시로,3
친분,3
한결,3
맥,3
저절로,3
육십,3
개찰구,3
연습,3
요지,3
청량리역,3
넉,3
정의,3
산소,3
위험,3
늦,3
가을,3
거실,3
가스레인지,3
뿜으,3
꿰어,3
킬킬,3
입도,3
아랫입술,3
앞니,3
자극,3
구청,3
실로,3
병실,3
간호,3
여드름,3
치의,3
콧물,3
고이,3
양철,3
비누,3
뒤축,3
내의,3
아스팔트,3
바퀴,3
정거,3
사금,3
파리,3
개새끼,3
질책,3
차근차근,3
분해,3
갈비뼈,3
옆구리,3
인파,3
체격,3
철끈,3
싸구려,3
뻘뻘,3
사지,3
얄따란,3
패,3
연탄재,3
여학생,3
일지,3
비척비척,3
행색,3
워낙,3
황황,3
종아리,3
백,3
잎,3
삐걱,3
행선,3
명세서,3
각종,3
밤길,3
강원,3
선지,3
부들,3
꽃가루,3
편안함,3
호소,3
지체,3
물의,3
단화,3
스타킹,3
브,3
어선,3
남성,3
고요한,3
헛소리,3
섬,3
추,3
초침,3
맨몸,3
재작년,3
상이,3
굴곡,3
비유,3
뚜껑,3
해설,3
질식,3
손발,3
민박,3
유난,3
달싹,3
중얼,3
핀,3
종내,3
치밀,3
흐릿,3
아파트,3
복사뼈,3
귓바퀴,3
개입,3
으리,3
속눈썹,3
플라스틱,3
취직,3
능선,3
빼곡,3
차표,3
시시각각,3
뜰,3
발갛,3
사람인,3
김씨,3
입맛,3
확,3
솔가지,3
어둔,3
엎어놓,3
신열,3
영원,3
산꿩,3
여수,3
전신,3
통나무,3
홀,3
그릇,3
여비,3
단칸,3
비행기,3
리기,3
환,3
윗목,3
어쩌자,3
수색,3
사회,3
채식주의자,3
진창,3
일일,3
완성,3
그대,3
발톱,3
환희,3
불덩이,3
해쓱,3
판매,3
덴,3
공양왕,3
빛살,3
구리,3
리까,3
청동,3
상고머리,3
흙벽,3
마냥,3
어무,3
열한시,3
빨,3
생명,3
보자기,3
공책,3
존댓말,3
서나,3
일식집,3
죽지,3
쓰레기통,3
격앙,3
부축,3
병동,3
환자,3
휠체어,3
호차,3
활동,3
발표,3
이듬해,3
단편소설,3
증명,3
존엄,3
께,2
세수,2
방학,2
사람과,2
장종욱,2
기재,2
풋,2
두고두고,2
혔다,2
볼펜,2
어감,2
구들,2
전신주,2
주차,2
등초,2
걸루,2
의정부,2
호적등본,2
생전,2
산봉우리,2
시리,2
환대,2
중독,2
면도기,2
머리핀,2
한낮,2
지척,2
비현실적,2
해발,2
복합,2
바람벽,2
공허,2
집착,2
밀집,2
입안,2
체취,2
양해,2
트레이닝복,2
하필,2
흐름,2
핏줄,2
타일,2
특급,2
눈높이,2
고래고래,2
나기,2
구해,2
중턱,2
구조대,2
렇,2
뒤범벅,2
속박,2
농촌,2
푯대,2
빈민,2
단란,2
전보,2
양은,2
살해,2
피곤,2
한창때,2
모닝콜,2
극적,2
완만,2
증,2
살풍경,2
나은,2
제외,2
일거리,2
진정제,2
유혹,2
초면,2
하루하루,2
호우,2
주의보,2
띄엄띄엄,2
체력,2
의외,2
유명,2
감쪽,2
수고,2
라서,2
쾌감,2
육박,2
단도직입,2
승격,2
근교,2
표현,2
수요,2
옹호,2
기척,2
모래알,2
작업중,2
다락,2
수동,2
태반,2
손아래,2
안부,2
알음,2
필,2
자부심,2
외벽,2
어하,2
방음,2
존,2
콧잔등,2
주제,2
계약,2
프레임,2
오륙,2
모래밭,2
담장,2
때부,2
울대,2
전산,2
아시,2
프로,2
단발머리,2
엇,2
태양,2
전쟁,2
정보,2
웠다,2
단둘,2
득,2
황량,2
불의,2
원형,2
화학,2
약품,2
마르,2
쓴웃음,2
용서,2
주먹질,2
파라솔,2
들고양이,2
오해,2
룸메이트,2
렀다,2
때로는,2
머플러,2
소도시,2
몹,2
상점,2
아랑곳,2
외풍,2
구도,2
남동생,2
담당,2
옥수수차,2
긴장감,2
건설,2
초대,2
보호,2
퇴색,2
작용,2
불만,2
턱끝,2
단편,2
표시,2
무려,2
성향,2
입력,2
호칭,2
가가,2
채운,2
넷,2
으쓱,2
콩나물,2
눈초리,2
허리춤,2
외한,2
구경,2
잠꼬대,2
콜,2
정상,2
앳되어,2
부조화,2
세운,2
파괴,2
막걸리,2
내뿜으,2
철봉,2
사본,2
선망,2
호주,2
객쩍,2
구의,2
구실,2
경어,2
오산,2
광경,2
불현듯,2
출근길,2
골목길,2
럽,2
화분,2
생선,2
통성명,2
곡,2
의의,2
획,2
친절,2
피아노,2
군가,2
공원,2
기만,2
큰소리,2
서비스,2
부지,2
셀,2
분수,2
카르,2
고향이,2
직함,2
풍물,2
꽁초,2
똑,2
굳은살,2
열망,2
저걸,2
스펀지,2
집단,2
혼곤,2
아버,2
갈증,2
위통,2
농장,2
삐,2
꿈결,2
빛과,2
병색,2
우,2
장초,2
튀튀,2
목사,2
창고,2
거꾸로,2
건강,2
택촌,2
싸움,2
서부,2
심호흡,2
기기,2
기구,2
당,2
신세,2
독주,2
글자,2
사각,2
비용,2
세금,2
지리,2
빈방,2
입학,2
과도,2
논배,2
베갯잇,2
웅,2
우물쭈물,2
헛,2
집기,2
진관,2
무료,2
회전,2
황폐,2
기미,2
작년,2
초본,2
분담,2
본적지,2
목돈,2
만약,2
사이드,2
교사,2
예정,2
선팅,2
작성,2
미러,2
소의,2
명찰,2
이군,2
착오,2
추호,2
꼬마,2
낫,2
산비탈,2
문짝,2
제복,2
병행,2
고압,2
시력,2
문학,2
효과,2
낙,2
특보,2
한국,2
권유,2
가족사진,2
동경,2
희생,2
대롱,2
장점,2
최초,2
노벨문학상,2
평일,2
시적,2
가격,2
저항,2
산문,2
주위,2
산맥,2
묘사,2
인연,2
사분,2
렷,2
도배,2
줄거리,2
지은이,2
벽화,2
모델,2
계심,2
침범,2
속물,2
제의,2
가차,2
민,2
조구,2
오금,2
여자도,2
흐느,2
옥탑,2
발각,2
짦,2
인간관계,2
강변,2
기고,2
두셋,2
뒤끝,2
어쩌,2
원칙,2
냉소,2
불쑥,2
의견,2
것이므,2
숙박,2
야외,2
배타,2
동문,2
슬그머니,2
영역,2
연상,2
약도,2
적신,2
리나,2
우선,2
입사,2
모순,2
재난,2
풍기,2
타이틀,2
헛된,2
스산,2
일본,2
성공,2
야유,2
히라가나,2
우렁찬,2
질겅질겅,2
살림집,2
문자,2
언어,2
깥,2
대포,2
앞집,2
부시,2
직업,2
본인,2
창호지,2
고리,2
라거,2
관리,2
안주,2
불행,2
깜짝,2
옆면,2
보풀,2
천만,2
소만,2
터틀넥,2
빳빳,2
눌려,2
호쾌,2
현지,2
경의,2
인내심,2
황토,2
번은,2
일자리,2
자책,2
학원,2
사설,2
신입생,2
툭툭,2
층층,2
전문,2
장난,2
꽁꽁,2
교내,2
보가,2
맥줏집,2
진실,2
주사,2
위안,2
가늠,2
도리,2
트클럽,2
저승,2
결사,2
형언,2
오류동,2
피어,2
버튼,2
본의,2
몫,2
씌,2
교정,2
으르렁,2
두상,2
애교,2
가로수,2
제야,2
주점,2
시문,2
시동,2
여섯시,2
에이,2
한영사전,2
회복,2
참여,2
장독대,2
복구,2
방한,2
반말,2
디다,2
고분고분,2
과시,2
진실성,2
개조,2
비상,2
갈취,2
공통점,2
효력,2
히죽,2
능력,2
렸던,2
생략,2
신문지,2
비식,2
관계도,2
이보,2
갑자,2
유명인,2
라보,2
수용,2
어딥,2
조로,2
원판,2
숫제,2
무당,2
월요일,2
논리,2
궁,2
접시,2
확실,2
철골,2
대개,2
어도,2
밥술,2
모라,2
년도,2
용수철,2
부모,2
판매원,2
교통,2
네시,2
일어나서,2
나나,2
변죽,2
메,2
문화원,2
명함,2
기획,2
포장,2
체험,2
입석,2
김밥,2
행동거지,2
뭉툭,2
닐,2
죽죽,2
스피커,2
윗입술,2
채굴,2
슈퍼마켓,2
유아,2
해주,2
배겨낼,2
벌떼,2
마리나,2
외돌토리,2
함성,2
바윗돌,2
이중,2
군무,2
질금,2
십년,2
장석,2
부피,2
구호,2
시트,2
매듭,2
구급,2
양갱,2
붓,2
엄두,2
메라,2
또래,2
분말,2
발디,2
어붙,2
옹색,2
위축,2
고온,2
두기,2
장담,2
감치,2
생채기,2
소용,2
연출,2
자격,2
요하,2
체크,2
코웃음,2
낱낱이,2
구한,2
잡기,2
일상,2
충고,2
이르렀,2
조의,2
육체노동,2
장막,2
풀기,2
트기,2
단말,2
헹굼물,2
부러,2
다오,2
오십오분,2
쇠락,2
육감,2
반짝,2
담뱃갑,2
로지,2
정은,2
신가,2
시신,2
잠옷,2
육십사,2
부랑,2
사리,2
철수,2
일이오,2
탄성,2
둔덕,2
배터리,2
수명,2
커서,2
감기,2
첫마디,2
집계,2
링거액,2
금붙이,2
사회면,2
딸아이,2
곱,2
옷가지,2
애기,2
감자,2
연명,2
발걸음,2
각자,2
만삭,2
조산,2
자가,2
그따위,2
하이힐,2
둣,2
앞문,2
문의,2
갱내,2
보시,2
장치,2
식도,2
무궁화호,2
깜빡,2
곤두박질,2
발인,2
목젖,2
질경이,2
피멍,2
우연,2
환자복,2
초조,2
반지,2
대금,2
보퉁이,2
덩치,2
규칙,2
용성,2
젤,2
숱,2
파마,2
타박,2
업소,2
행복,2
재래식,2
판돈,2
노름,2
연속,2
교과서,2
참고,2
문고판,2
밥알,2
숟갈,2
목제,2
봉분,2
상치,2
래,2
등장,2
언덕길,2
흘깃,2
티맥스,2
껌,2
오누이,2
원기,2
절벽,2
헛일,2
날쌔,2
승,2
과속,2
다큐멘터리,2
더위,2
뼈대,2
롯,2
강요,2
솜털,2
애초,2
삼천이백,2
박자,2
군내버스,2
어스름,2
어금니,2
욕심,2
츠,2
일만,2
갓길,2
애처,2
로움,2
이부,2
교감,2
반대쪽,2
체액,2
난방,2
곡조,2
나절,2
립,2
주택,2
집집,2
부천,2
연애,2
귤,2
뒤척,2
성실,2
텔,2
레비,2
교문,2
성냥갑,2
비판,2
파가,2
신도,2
답례,2
박명,2
외진,2
유심,2
교환,2
빔,2
폐가,2
놋쇠,2
추리,2
얻지,2
몸뻬,2
장물,2
살림,2
켤레,2
법도,2
거주,2
탈색,2
이르렀다,2
책가방,2
제출,2
검토,2
엎,2
지선,2
제하,2
연고,2
리퍼,2
낯빛,2
파이,2
복사,2
서방,2
이십만원,2
탈진,2
뙤약볕,2
손사래,2
양으로,2
패널,2
야전,2
후리,2
감색,2
움직임,2
눌,2
일별,2
대여섯,2
었을까,2
이동,2
내왕,2
거미줄,2
물빛,2
기록부,2
차내,2
천천,2
지뢰,2
안팎,2
불도,2
급경사,2
밭은기침,2
인명,2
사용,2
주판,2
안산,2
누런,2
두께,2
난장판,2
국어사전,2
흰빛,2
띠,2
포목,2
무리,2
기관지,2
어쨌다,2
과오,2
국밥,2
연구자,2
몇몇,2
교차로,2
어디가,2
비빔밥,2
금요일,2
루,2
일치,2
렁,2
개켜,2
단추,2
우린,2
어딘지,2
숙박시설,2
기차역,2
무심,2
생사,2
뭣,2
들쭉날쭉,2
통팥빵,2
마비,2
핏방울,2
초식동물,2
거슬러,2
둔부,2
락,2
양동이,2
똥,2
헤드라이트,2
유령,2
아열대,2
그거,2
수액,2
홍색,2
테이프,2
유행가,2
길가,2
렸,2
한길,2
수선,2
단말기,2
하수도,2
건넛집,2
팬티,2
마음대로,2
허파,2
랐다,2
정영주,2
주황,2
동해,2
상의,2
현대,2
고기,2
돼지,2
한텐,2
대상,2
오수,2
메시지,2
샌들,2
반달,2
퇴직금,2
접,2
이루,2
해남,2
강진,2
차량기지,2
빽빽,2
회의실,2
노끈,2
노래방,2
동그마니,2
주어,2
출생,2
어림,2
금발,2
넷뿐,2
일당,2
마구잡이,2
신호등,2
요금,2
실마리,2
보태,2
책보,2
퍼,2
흉상,2
산동,2
당혹,2
갈매기,2
면장,2
동,2
양옆,2
칼집,2
상가,2
스팀,2
노른자위,2
통장,2
관할,2
벤치,2
에필로그,2
사과,2
백지은,2
문학평론가,2
정차장,2
전도,2
젖소,2
고충,2
실어,2
묵례,2
자정,2
중형,2
밤차,2
마음속,2
쇼핑,2
논밭,2
거렸다,2
월리,2
외상,2
독,2
긍정,2
케,2
감금,2
해장국,2
사정,2
등산,2
지퍼,2
주거,2
누그,2
절박,2
상사,2
실랑이,2
운동,2
평이,2
천국,2
야만,2
전율,2
식탁,2
윗,2
물질,2
기다림,2
님,2
반찬,2
사무소,2
가마,2
요리,2
안정,2
잔돈,2
액세서리,2
장식,2
대합,2
큰딸,2
차비,2
린다,2
혼탁,2
미동,2
지반,2
천진,2
평정,2
끌끌,2
분만,2
부세,2
출입구,2
손톱깎이,2
정식,2
한겨울,2
필기구,2
발열,2
홍조,2
축척,2
탄식,2
의혹,2
혼돈,2
폭폰,2
창구,2
옹골,2
목소,2
고단,2
석유난로,2
낭패,2
이튼,2
이편,2
꼬질꼬질,2
폭포,2
호들갑,2
이세,2
장뇌,2
블,2
알다,2
수줍음,2
음향,2
정정,2
도심,2
환불,2
춥다,2
노랑,2
웬,2
동원,2
토끼,2
아보,2
달포,2
도둑,2
파고,2
훗,2
오십천일,2
팔꿈치,2
포박,2
허옇,2
훨훨,2
말뚝,2
전속력,2
분지,2
보랏빛,2
덜덜,2
평지,2
기와,2
빈틈,2
당시,2
이파리,2
불로,2
공터,2
남고,2
집념,2
이어진,2
불쏘시개,2
현기증,2
얼마만큼,2
장실,2
치열,2
잇몸,2
발꿈치,2
꽃들이,2
흥정,2
허둥지둥,2
파,2
분투,2
마르지,2
인사동,2
학기,2
바다로,2
아야,2
부도,2
교통사고,2
감당,2
머릿수건,2
음습,2
쇠붙이,2
모시,2
튜,2
육신,2
서른,2
살로,2
수심,2
족,2
즉사,2
타이,2
초점,2
해경,2
사양,2
구원,2
골똘히,2
접대,2
무거워,2
송곳,2
노트,2
중병,2
분열,2
방과,2
새삼,2
생애,2
마득,2
초여름,2
소니,2
네거리,2
분절,2
우산,2
광고지,2
흉몽,2
덤,2
캄,2
사향노루,2
어리가,2
흐트러짐,2
컹,2
진흙,2
인쇄소,2
잔무,2
헛것,2
손짓,2
관념,2
지질,2
경찰,2
퇴근,2
구역질,2
맴,2
교대,2
송글송글,2
번갈아,2
양팔,2
재생,2
경비원,2
정처,2
외침,2
판단력,2
책망,2
대면,2
팔면,2
이성계,2
리도,2
각지,2
한약,2
발의,2
처마,2
소용돌이,2
빗발,2
응축,2
화염,2
진홍색,2
살쾡이,2
장지,2
설경,2
애기풀,2
신하,2
토방,2
가닥,2
밥그릇,2
설치,2
국어,2
전구,2
번갯불,2
호떡,2
주전자,2
언니네,2
밭뙈기,2
위압,2
엄지,2
샴푸,2
새살,2
둘둘,2
옥색,2
둑,2
싸가지,2
남대문,2
무도,2
결핍,2
물리,2
차림새,2
잡목,2
화살촉,2
허위,2
즉석,2
망,2
전갈,2
어요,2
야구,2
잠바,2
죄책감,2
건빵,2
온도,2
나가요,2
범람,2
낌,2
이명,2
회식,2
용솟음,2
서류,2
갑방,2
등록,2
비밀번호,2
미용실,2
밍용,2
고요,2
라이트,2
형부,2
알리,2
정체,2
진기,2
가짜,2
갈피,2
양희은,2
오십만원,2
시도,2
넥타이,2
구두점,2
유산,2
봉,2
빛일,2
뒹구,2
문고,2
응답기,2
달떡,2
볼륨,2
전해,2
쇄골,2
간호사,2
돋보기,2
생후,2
십이만,2
열흘,2
담벼락,2
식당차,2
인부,2
사상,2
기관사,2
점검,2
사연,2
위문,2
퇴원,2
우편물,2
시대,2
음으로,2
멍,2
부처,2
분다,2
매료,2
세종,2
회관,2
교보,2
나하,2
기보,2
극복,2
추하,2
압도,2
정서,2
비애,2
미약,2
근원,2
실체,2
지하철역,2
고투,2
평가,2
조카,1
참석,1
경로,1
유흥가,1
꾸지람,1
병영,1
전역,1
욕지거리,1
헝,1
신병이,1
횃대,1
애원,1
이천원,1
육백,1
첫인상,1
기후,1
찰랑,1
어째,1
이다지,1
중성,1
그럭,1
저럭,1
철철,1
쇠똥,1
발그스름,1
겉면,1
불기운,1
진의,1
보금자리,1
자줏빛,1
연지,1
코팅,1
기업,1
육만,1
몰락,1
십이만이,1
팽창,1
적자,1
실시,1
삼백육십삼,1
이백삼십칠,1
국가,1
인접,1
이만,1
전격,1
통합,1
연료,1
격감,1
설탕,1
먹듯,1
단독,1
우측,1
여진,1
서점,1
제과점,1
센터,1
마운,1
눈덩이,1
사북사태,1
노동,1
쟁의,1
이슈,1
방불,1
잿,1
모직,1
날림,1
아귀,1
어맞,1
명멸,1
공무원,1
가보,1
핑퐁,1
수은주,1
영하,1
불나방,1
잔혹,1
복덕방,1
성미,1
퓨즈,1
헤어스프레이,1
메뉴,1
녹차,1
았었다,1
포스터,1
초록색,1
구비,1
이사이,1
준공,1
루하,1
전지,1
라가,1
딸랑거렸다,1
내외,1
하층,1
경영,1
가발,1
부서장,1
피우지,1
회하,1
마법,1
데스크,1
시한,1
개비,1
니코틴,1
함량,1
인의,1
어박혀,1
조업,1
상품,1
비품,1
머금,1
염두,1
굴렸다,1
밭둑,1
광휘,1
둘리,1
밑면,1
았다,1
음각,1
양각,1
돌출,1
사탕,1
머릿,1
추슬러내,1
탐라,1
직격탄,1
앙,1
미고,1
압박,1
중퇴,1
언행,1
껄끄럽,1
도트,1
프린터,1
가나다,1
석현,1
순이,1
칙적,1
의도,1
치부,1
쉽사리,1
무난,1
사회생활,1
해나,1
강점,1
단점,1
사교성,1
격,1
니요,1
엄지손,1
가락,1
파장,1
차단,1
심각,1
찬바,1
더부,1
룩,1
말뜻,1
선명,1
부재,1
소속,1
승만,1
임신,1
임유진,1
은희,1
인숙,1
러시아워,1
치한,1
마늘,1
양념,1
시스템,1
본명,1
띤,1
오감,1
오밀조밀,1
소지,1
홍수,1
태풍,1
불면,1
강당,1
난민,1
녔으,1
별의별,1
시오,1
셨던,1
불끈불끈,1
소주잔,1
완벽주의자,1
업적,1
근성,1
호미로,1
꽝,1
왔느냔,1
팥죽,1
앞치마,1
교태,1
토박,1
고분,1
강제,1
민간인,1
간청,1
신분,1
여차하면,1
위임장,1
도장,1
피치,1
와이어,1
삼사십,1
도도,1
습도,1
프로요,1
막일,1
미끄럼,1
요행,1
섭씨,1
삼십팔,1
분질,1
사이키,1
쾌락,1
방기,1
흥이,1
두루미,1
유서,1
부대,1
서양,1
지름길,1
훤히,1
웠는데,1
거구,1
마술,1
간곡,1
컴퓨터,1
신청서,1
충북,1
톱,1
항적,1
혓소리,1
왕복,1
전철,1
새벽같이,1
서관,1
특권,1
국철,1
종각역,1
지하상가,1
매니큐어,1
무의식,1
양줏집,1
아이라인,1
불그스름,1
섀도,1
덕지덕지,1
꽝스,1
러워,1
어놓,1
포효,1
어대,1
금발머리,1
문구,1
러스펜,1
증명서,1
갖은,1
싹,1
흙더미,1
조바심,1
충족,1
영영,1
제자리,1
방치,1
자괴,1
단칼,1
한평생,1
단절,1
수년,1
누리,1
마루,1
새우잠,1
파스,1
타박상,1
폐부,1
오므,1
자포자기,1
움틀,1
벽녘,1
른안주,1
공감,1
늦가을,1
신문배달,1
두둑,1
절대,1
애착,1
감옥,1
공범,1
초가,1
식이,1
직책,1
총무,1
시간제,1
조회,1
추켜,1
트로트,1
비트,1
과로,1
제비,1
재산,1
탕진,1
블루스,1
타임,1
축제,1
달변,1
토로,1
곤란,1
네온사인,1
북적,1
전염병,1
시민,1
흥청망청,1
만화경,1
영상,1
전속,1
조감,1
맥주잔,1
납,1
들러붙어,1
찌꺼기,1
득시,1
레이스,1
힌,1
입신,1
모자,1
본적,1
격했다,1
날로,1
썩,1
색골,1
제로,1
소재,1
히,1
여닫이,1
한복,1
어울,1
리키,1
창녀촌,1
미아,1
청량리,1
비우기,1
기교,1
장만,1
투시,1
저따위,1
포화,1
옆방,1
발소,1
포도,1
심야,1
토크쇼,1
모닝,1
고간,1
선선,1
껄,1
연거푸,1
색싯집,1
정결,1
마취,1
장애,1
승리,1
류,1
신변,1
구미,1
월차,1
돌멩이,1
일회용,1
신들,1
지난날,1
긍지,1
케케묵,1
과산,1
회수,1
약솜,1
이십사,1
편의점,1
플러스,1
눌리,1
병과,1
안줏,1
성큼,1
행운,1
힐,1
혈육,1
일렁거렸다,1
가로등,1
매트리스,1
어졌다,1
골지,1
뉘,1
잠자리,1
도구,1
번번이,1
선수,1
어쩌거,1
어리석음,1
실룩,1
중순,1
자제력,1
러뜨렸다,1
자두,1
손동작,1
세면,1
효용,1
진취,1
소생,1
면모,1
노크,1
표제,1
젖꼭지,1
베일,1
나본,1
침입,1
나마,1
이블,1
녹지,1
식목일,1
끗희끗,1
백열등,1
피복,1
뇌관,1
가위눌림,1
랄,1
단번,1
위경련,1
쑥,1
극도,1
독백,1
중천,1
새벽녘,1
구식,1
쿠션,1
눈송,1
모조,1
온유,1
시험,1
초등학생,1
이주일,1
원도,1
폭음,1
작자,1
액면,1
경력,1
퇴짜,1
검증,1
시립,1
뭉클뭉클,1
인걸,1
소자,1
유보,1
속곳,1
상복,1
옷고름,1
리만,1
수풀,1
연줄,1
홑,1
상하,1
근방,1
별명,1
눈망율,1
엉킨,1
기류,1
가오리연,1
크레파스,1
쓱쓱,1
다락방,1
비로드,1
스웨,1
자치,1
커버,1
어젖힌,1
퍽,1
티셔,1
분명,1
치민,1
모에,1
주황색,1
수염,1
중미,1
난색,1
몸가짐,1
공통,1
대절,1
통행,1
이토,1
뭡,1
타라,1
절도,1
눈싸움,1
선심,1
어투,1
고등어,1
습,1
번득,1
야행성,1
속엣말,1
되뇌었다,1
승용,1
기정,1
궂은일,1
입장,1
휴먼,1
거창,1
안면,1
나선형,1
포장도로,1
광분,1
갯소,1
휴무,1
기우,1
보안,1
격의,1
나뭇잎,1
옥수수,1
함덕,1
이웃,1
옆얼,1
청소,1
불안감,1
종업원,1
노여움,1
의적,1
영향,1
겁쟁이,1
비겁,1
베이지색,1
메인,1
상반신,1
힐난,1
해주시,1
구내,1
희극,1
힘줄,1
담소,1
대목,1
휴게실,1
묻혀버,1
드럼통,1
매표,1
재담,1
분장,1
땟국,1
질벅거렸다,1
아리랑,1
사촌,1
외숙모,1
뻘,1
어이쿠,1
날랬다,1
삼거리,1
실소,1
우릴,1
때투,1
청바지,1
화보,1
스포츠머리,1
동갑,1
핼끔핼끔,1
가속도,1
영문,1
직사,1
각형,1
안중,1
콘센트,1
초등학,1
사내아이,1
촘촘하,1
이문,1
미닫이문,1
파인더,1
뒷짐,1
까르르,1
따귀,1
여상,1
착시,1
무너뜨렸던,1
발밑,1
뜀틀,1
주눅,1
럽게,1
턴,1
여고,1
빚진,1
스스,1
옆집,1
비아,1
도저,1
초벌,1
군데군데,1
올림픽,1
유치,1
문패,1
공동,1
배치,1
한창,1
땐,1
딜,1
모노룸,1
자온,1
팽팽,1
외양,1
우회,1
달걀,1
이도,1
이치로,1
중절,1
배려,1
장도,1
내색,1
방구,1
찻,1
돌연,1
옹기,1
펄럭,1
딪쳐,1
머뭇,1
조리개,1
종잡,1
들개,1
날랜,1
능숙,1
셨다,1
반대편,1
지구,1
인공,1
구상,1
인력,1
개중,1
막노동,1
친목,1
회도,1
마무리,1
수술,1
거래,1
화장품,1
원료,1
데모,1
색도,1
전모,1
무언극,1
과음,1
파전,1
서면,1
승늉,1
수상,1
면죄부,1
트라우마,1
보오,1
국립공원,1
선정,1
놀,1
밀주,1
연세대,1
전자우편,1
대표,1
팩스,1
마케팅,1
트위터,1
생업,1
졸업생,1
판권,1
재사용,1
만이오,1
골치,1
거니,1
서넛,1
비참,1
초판,1
전자책,1
옇,1
랍니,1
펴낸이,1
근사,1
대도,1
현숙,1
섬세,1
출판,1
경기도,1
계시,1
파주시,1
개수,1
퍼부을,1
둑길,1
규정,1
말입,1
여하튼,1
마땅치,1
물품,1
슬라이드,1
상영,1
인쇄물,1
모의,1
흰색,1
시뮬레이션,1
우르르,1
매진,1
검거,1
대결,1
석도,1
정념,1
식용유,1
초기,1
단계,1
전환,1
뒷다리,1
국문학,1
전집,1
곧이곧대로,1
웁니,1
었으,1
차편,1
뒤치락거리,1
파탄,1
대적,1
다지,1
건답니,1
세태,1
홀리,1
문학과사회,1
알파벳,1
아랍어,1
종족,1
리말,1
어순,1
상도,1
통신,1
꼬아놓,1
삼겹살,1
탈의실,1
혈액,1
자청,1
수직,1
이백,1
도달,1
접힌,1
분통,1
정성,1
년여,1
가타카나,1
유독,1
걱정거리,1
음도,1
초연,1
문단,1
항상,1
천성,1
찮,1
임무,1
비평,1
어들,1
고심,1
글쓰기,1
샛노란,1
햇수,1
해외,1
생기지,1
부화,1
어법,1
랫입술,1
시가,1
귀청,1
공중,1
렇듯,1
신비,1
러진,1
흥건,1
수호천사,1
가빴다,1
사우,1
콧등,1
단소,1
엉엉,1
헛기침,1
핏발,1
어날지,1
이발,1
명운,1
밀착,1
루나,1
심심찮,1
사망,1
두개골,1
감수,1
훌렁,1
희극배우,1
행사,1
일체,1
예매,1
민족주의,1
신물,1
멱살,1
렌,1
즈,1
흠집,1
오천원,1
일손,1
포즈,1
호두,1
소풍,1
해죽,1
독신자,1
여의,1
명과,1
요령,1
랩,1
뿌예,1
기호,1
제거,1
식료품,1
계기,1
알갱이,1
포도주스,1
점심때,1
단숨,1
술안주,1
자부,1
신체,1
짐차,1
내심,1
보고서,1
주스,1
팍,1
런가,1
손도끼,1
이억원,1
진구,1
십분,1
점점이,1
소금,1
곁눈,1
명윤입니,1
암벽,1
대규모,1
종이갑,1
방짜,1
전반,1
폭도,1
평행,1
포함,1
소나무,1
구가,1
보갱,1
오르다,1
제자,1
교체,1
팔걸이,1
양쪽,1
늦잠,1
전인,1
챗,1
빨랫,1
물방울,1
새마을,1
호가,1
등진,1
전언,1
타오,1
절단,1
금속,1
빨래판,1
궤짝,1
감겨,1
차요,1
절감,1
스프링,1
광력,1
취향,1
간간이,1
대원,1
식욕,1
음식물,1
노후,1
설레설레,1
원주역,1
전등,1
섹션,1
가나,1
푸린,1
마려우,1
춧,1
말버릇,1
윤입니,1
등학,1
인테리어,1
통일,1
엉치뼈,1
만류,1
이레,1
지푸라기,1
전답,1
불볕,1
갑작,1
붕대,1
산소호흡,1
가명,1
채광,1
우도,1
도라지꽃,1
껏,1
온종일,1
먼산,1
숨쉬기,1
셔,1
일가붙이,1
한가지,1
빨랫줄,1
어젯밤,1
그젯밤,1
몹쓸,1
널린,1
운물,1
티눈,1
졸,1
날달걀,1
프라이,1
팬,1
발수,1
절름절름,1
퉁퉁,1
신기,1
손가방,1
비쩍,1
꼬치꼬치,1
부챗살,1
카니,1
섯시,1
새시,1
심정,1
누굴,1
풀라,1
모텔,1
만족,1
전시회,1
하여튼,1
데었어,1
접혔다,1
극할,1
막대기,1
팽팽하,1
입다,1
네로,1
내처,1
이브,1
기능,1
언론,1
로션,1
중지,1
경질,1
주먹밥,1
쉐,1
비례,1
불가,1
실핏줄,1
휘저었다,1
땅딸,1
삼양동,1
아래쪽,1
긁힌,1
사십오,1
도보,1
톡,1
혼인신고,1
장수,1
검버섯,1
물렁뼈,1
부음,1
자구,1
경향,1
신문사,1
생머리,1
정오,1
누룽지,1
지니,1
성악,1
미만,1
듬어,1
머큐로크롬,1
끈적거렸다,1
광견병,1
관문,1
고양이,1
개새,1
소한,1
비포장도로,1
밤낮,1
자긍심,1
최대,1
질색,1
엿새,1
후천,1
압,1
대못,1
육교,1
본사,1
아버님,1
범벅,1
퀭,1
백오십칠,1
악다구니,1
평면,1
정거장,1
논둑,1
벼웠다,1
자장가,1
운반,1
쌔근,1
인중,1
땀띠,1
옥니,1
담채,1
누드,1
얏,1
무더기,1
모가지,1
쥐라,1
연인,1
동질감,1
보름,1
동숭동,1
장악,1
지식,1
엑스,1
일약,1
팽개치,1
화젯거리,1
속마음,1
정명윤,1
병질,1
멸치,1
지식인,1
감시,1
단체,1
문건,1
특집,1
왕왕,1
요로,1
희망대로,1
훤칠,1
성자,1
소형,1
충전,1
곡예,1
실현,1
개혁,1
교회,1
왼,1
진보,1
날인,1
유황,1
우러나온,1
주차장,1
듭,1
무명실,1
탐욕,1
종잇장,1
동장,1
폐사,1
세찬,1
조물,1
음날,1
칭찬,1
차문,1
로등,1
코밑,1
중량,1
끝내기,1
갑작스,1
답다,1
퍼즐,1
트러블,1
월간,1
냅킨,1
외국,1
기초,1
이론,1
위악,1
갈팡질팡,1
해물탕,1
정연,1
커브,1
창덕궁,1
고궁,1
마모,1
선교,1
미아리고개,1
탄환,1
바스,1
빠뜨,1
일간,1
서정,1
박살,1
길음동,1
씨팔,1
읊,1
조리,1
조명등,1
졸업식,1
겨울방학,1
기한,1
강릉,1
속초,1
삼척,1
원주,1
아름,1
타나,1
어두움,1
들썽거리,1
잎눈,1
등불,1
하라,1
급성,1
학급,1
대폭,1
교실,1
특별활동,1
동창,1
간경화,1
제시,1
교무주임,1
어쩌려,1
대각선,1
병가,1
덧나,1
격정,1
가뜩이나,1
정전기,1
일박,1
늑막,1
주먹다짐,1
킨,1
악화,1
예년,1
수치심,1
유릿조각,1
훌훌,1
직진,1
경향신문사,1
물컹,1
척추,1
보폭,1
사뭇,1
굶주림,1
예스,1
소재지,1
즐비,1
적삼,1
단위,1
유례,1
우발,1
범죄,1
가상,1
림질,1
착,1
일생,1
비스듬,1
허허벌판,1
후락했다,1
완행버스,1
빈한,1
재봉틀,1
인치,1
자판기,1
은편,1
축구,1
중계,1
다림질,1
슬로모션,1
얘깃거,1
무성의,1
창작,1
세탁,1
페인트,1
다리미,1
오버,1
복댓,1
셨겠군,1
언급,1
면박,1
아르바이트생,1
멋대로,1
등기우편,1
도청,1
만족감,1
분식점,1
핼쑥했,1
학년,1
지난번,1
탤,1
런트,1
소꿉친구,1
전학,1
전동차,1
분위,1
몸무게,1
중등,1
칫솔,1
금테,1
황곡문,1
월간지,1
양치,1
컵,1
고치,1
입덧,1
위염,1
서리,1
길거리,1
품일,1
무질서,1
익명,1
속수무책,1
남정,1
화투,1
바름,1
보증금,1
권리금,1
출입,1
만요,1
이만오천원,1
해선,1
장기,1
건외,1
고급,1
생리대,1
팔자,1
모형,1
헝겊,1
발걸,1
생년,1
장난감,1
공룡,1
사항,1
었잖아,1
간과,1
개정판,1
았으므,1
일화,1
선동,1
왜곡,1
후문,1
병자,1
흐흠,1
내복,1
코끝,1
임씬데,1
형호,1
갈래,1
폭우,1
호로,1
영감,1
황씨,1
디딤돌,1
일원,1
세고,1
성은,1
햄,1
주색,1
짚신벌레,1
쭛,1
팔도,1
수로,1
박서방,1
질벅,1
아저씨,1
어렴,1
땅거미,1
삯,1
붕들,1
어드,1
사월,1
알구,1
흑자,1
연주,1
돌입,1
정직,1
교칙,1
연주자,1
반디,1
삼삼오오,1
더더,1
평행봉,1
면대,1
잡초,1
고산,1
구령,1
본관,1
교표,1
바탕,1
말법,1
윗니,1
재민,1
앙각,1
익살,1
브이,1
코스모스,1
아랫니,1
창자,1
사촌형,1
납죽,1
오뎅,1
볶음,1
종결어미,1
감칠맛,1
수식어,1
감탄사,1
납득,1
전만,1
북적거렸,1
자마자,1
사이사,1
악보,1
마자,1
몽땅,1
사원,1
탁상,1
늘밤,1
떨이,1
정색,1
고마움,1
살림살이,1
학예회,1
체육대회,1
지면,1
일장,1
컬러,1
부집,1
전후,1
갔더랬어,1
위무,1
합창,1
장선,1
공산,1
나무숲,1
무용,1
분필,1
낙서,1
도움,1
광태,1
기지개,1
부식,1
빗줄기,1
흐릿하,1
구년,1
동명이인,1
몰살,1
다이얼,1
예금,1
잔고,1
방석,1
웅얼거리,1
행위,1
통일호,1
브레,1
폐쇄되기,1
옥편,1
이크,1
로고,1
야말로,1
예고,1
대피,1
방호벽,1
기관,1
붉은빛,1
차만,1
양감,1
이음,1
집힌,1
영월,1
민간,1
수집,1
반감,1
련,1
크랩,1
철도사고,1
흥미,1
화물,1
해장,1
고가,1
칠십이,1
쪼가리,1
담당자,1
글씨체,1
체계,1
관공,1
시경,1
후텁,1
광산촌,1
타요,1
선언,1
십팔번,1
진무,1
답변,1
것처,1
여정,1
교차,1
빠,1
강행,1
소요,1
어나,1
양보,1
퍼센트,1
공제,1
명인,1
칠십,1
후루룩,1
잔영,1
엔진,1
웅웅거렸,1
통찰,1
뭉뚱,1
버스비,1
킬로,1
곳일,1
빗속,1
라나,1
목구,1
교전,1
철부지,1
편성,1
감상,1
활판,1
고딕체,1
직시,1
유무,1
촉수,1
어막는,1
반지하,1
강압,1
무것,1
웅얼거렸다,1
스크,1
랩북,1
버터,1
망명,1
슬슬,1
곤증,1
붙임성,1
미술,1
허헛,1
계면,1
몽,1
농밀,1
날짐승,1
번복,1
아슴하,1
장딴지,1
벼랑,1
출렁거렸다,1
유인,1
딘가,1
동백나무,1
황혼,1
신령,1
투정,1
심심함,1
곰살궂었던,1
낭,1
치레,1
택할,1
표지판,1
단색,1
저장,1
시속,1
마찬,1
반도,1
고등학생,1
논술,1
찰,1
복제,1
수중,1
리어카,1
창조,1
팔목,1
뷰파인더,1
손가락질,1
호루라기,1
추격,1
어그,1
복숭아,1
퇴근길,1
유품,1
제모,1
횡,1
국방,1
여름방학,1
사태,1
음부,1
성감,1
차장,1
이백오십,1
성용,1
백이십오,1
휼훌,1
껍절,1
포부,1
똘똘,1
건대,1
모빌,1
무능력자,1
용렬,1
들썽,1
네발동물,1
어뜨리,1
중학생,1
디자인,1
자갈,1
하의,1
요량,1
삽입,1
기웃,1
사이즈,1
오라비,1
수평선,1
소나,1
오분,1
닭,1
낫다,1
방정,1
뇌,1
상단,1
두꺼비,1
인건비,1
경주마,1
군상,1
별반,1
자투리,1
특근,1
육식,1
윤이나,1
친족,1
일요,1
발광,1
임시직,1
연장,1
미지,1
배제,1
후광,1
펀치,1
갈등,1
오가면,1
제정,1
용건,1
서적,1
모래,1
설거지,1
도나,1
연연,1
츰,1
쩐,1
품위,1
미숙,1
타원형,1
화로,1
때마,1
다도해,1
목적,1
점도,1
안경점,1
광산업,1
곧잘,1
앨,1
남향,1
참고자료,1
암시,1
흐릿했다,1
무과,1
감사,1
커피잔,1
생면부지,1
사막,1
사진첩,1
갈급,1
개울,1
어내릴,1
집게손가락,1
랫,1
가필,1
툼,1
빚었던,1
폐소공포증,1
극장,1
공중화장실,1
습성,1
휘발,1
투명인간,1
다쭸다,1
의치,1
모임,1
사력,1
조롱,1
재래시장,1
영영사전,1
발기,1
갸웃거렸다,1
엄,1
융통,1
여동생,1
만원,1
밤사이,1
교통비,1
력했으,1
사각형,1
포의,1
찻잔,1
싫증,1
침잠,1
호한,1
낄낄,1
원고지,1
희부스름,1
렴풋,1
일광욕,1
식물,1
동화,1
후포,1
일임,1
곡괭이,1
존경심,1
일몰,1
암청색,1
뇨,1
해풍,1
반죽,1
실핀,1
운전기사,1
사주면,1
심해,1
닮은꼴,1
예닐곱,1
이모,1
중심지,1
수위,1
강간,1
갈,1
입양,1
릿속,1
석유파동,1
중인,1
확률,1
노리,1
몸뚱어리,1
즉흥,1
진절머리,1
선물,1
금융실명제,1
업일,1
수정,1
래서,1
식비,1
삼사만원,1
저지,1
상표,1
서문,1
콘트라스트,1
장미,1
사선,1
이산화탄소,1
키보,1
동양인,1
동쪽,1
등고선,1
선진국,1
사십일,1
미비,1
익금,1
오른발,1
무상,1
캡션,1
캄캄,1
나오니,1
메탄가스,1
탄층,1
숙,1
위생,1
샤워실,1
욕조,1
물때,1
잠기,1
타르,1
급식,1
산호,1
비스킷,1
옥외,1
위층,1
숙뿐,1
동해안,1
진시,1
커트,1
해석,1
머리칼,1
하나요,1
누더기,1
간섭,1
인기,1
불좀,1
염증,1
하월,1
초생달,1
그믐,1
달도,1
안뜰,1
달월,1
월행,1
뫼,1
흡인,1
하수,1
재해,1
천사백사십삼,1
반동,1
영암,1
월출산,1
부스럭,1
소홀,1
채탄량,1
급여,1
도급,1
제도,1
생계비,1
칙,1
일해,1
잉크,1
특징,1
상해치사죄,1
구속,1
목판,1
동공,1
취객,1
찬사,1
과실,1
유족,1
복수,1
조문,1
개똥,1
오물,1
혼수상태,1
체적,1
홍차,1
판이,1
수저,1
수상한,1
참외,1
역광,1
리그,1
엽기,1
익숙,1
희끄무레하,1
곰팡이,1
흐드러,1
어져,1
황토색,1
삭,1
설렁탕,1
낙담,1
술김,1
외모,1
믿음,1
평온,1
구체,1
공유,1
어주,1
김인영,1
이상은,1
가빠오,1
신뢰,1
퉁,1
수인,1
명동성당,1
자만,1
염가,1
수강,1
반신반의,1
앙리,1
브레송,1
전투경찰,1
최민식,1
저었으,1
이대원,1
윤종윤,1
본문,1
유현,1
지레,1
근무시간,1
김형,1
열두시,1
쯘,1
장례,1
욕실,1
선짓,1
조작,1
출근시간,1
게로,1
부력,1
부업,1
비결,1
누굽,1
르겠소,1
겉눈질,1
에어,1
트레이,1
단내,1
신체검사,1
효도,1
숙취,1
계산기,1
진주,1
자주색,1
구슬,1
철사,1
생활수준,1
설레임,1
층임,1
산꼭대기,1
업체,1
부설,1
봉급,1
한밤중,1
만세,1
거인,1
삼십오분,1
비스듬하,1
고지,1
암석,1
테이,1
콧김,1
행여,1
비녀,1
콩깍지,1
손자,1
종종걸음,1
엉덩방아,1
버섯,1
홉,1
사닥다리,1
장신,1
세차,1
시외버스,1
식별,1
리번,1
최종,1
치수,1
패배,1
나라고,1
볼썽,1
잿빛,1
천분,1
만분,1
연적,1
겹겹,1
스테이,1
쌍꺼풀,1
기생,1
참말,1
구먼,1
외로,1
꼬았다,1
강좌,1
고적,1
고양,1
가판,1
모양새,1
두루,1
휴지,1
발치,1
조만간,1
택들,1
강단,1
릎,1
버짐,1
르트려,1
있겄누,1
도서관,1
구들장,1
가운뎃손가락,1
들락,1
영문학,1
충분,1
학예,1
회날,1
객석,1
할인,1
배차,1
시간표,1
하리,1
호포,1
학비,1
갑옷,1
걸상,1
할로겐,1
원서,1
미녀,1
관광지,1
땜,1
눔,1
꼴짝,1
금박,1
칠판,1
러졌다,1
운지,1
억울,1
한지,1
국립,1
았소,1
장사,1
밑천,1
앉은키,1
크리,1
툭,1
맞장구,1
도중,1
담뱃재,1
어지,1
명함판,1
일부분,1
잣나무,1
칼질,1
즐거움,1
화근,1
선짓국,1
걸렀으,1
채근하,1
타이탄,1
향수,1
향기,1
전염,1
체머,1
화통,1
직행,1
눈좀,1
어왔어,1
환갑잔치,1
곰살궂,1
거길,1
한델,1
눈웃음,1
던데,1
부임,1
아우,1
무스,1
듬뿍,1
산삼,1
아줌마,1
부자,1
라우,1
하,1
떻,1
허구,1
구레나룻,1
쯧쯧,1
도화지,1
방방곡곡,1
뽕나무,1
오디,1
옴,1
갈랫길,1
기본,1
일용품,1
납작,1
코로,1
클립,1
낙심,1
체온조절,1
산행,1
어온,1
가나다순,1
벙어리,1
폭약,1
해바라기,1
브러시,1
분한,1
화난,1
응수,1
건넌방,1
풍,1
사립문,1
시불,1
지구촌,1
열매,1
수필,1
십만원,1
시집,1
랍,1
제공,1
심연,1
세밀,1
봉사,1
문해,1
천만다행,1
범용,1
바이,1
희랍어,1
소이,1
접사,1
치자,1
씐,1
르잖아,1
잔기침,1
파격,1
근거,1
분출,1
최악,1
정해,1
아비,1
어미,1
일가,1
아들내미,1
괘,1
빌어,1
노인도,1
불경기,1
개도,1
정돈,1
눈비,1
주렁주렁,1
지네,1
누울,1
잔치,1
경쟁,1
유일,1
온기,1
서까래,1
용머리,1
미행,1
촘촘,1
서고,1
리스트,1
술자리,1
동석,1
영국,1
덜미,1
가파르,1
손상,1
잔해,1
진단,1
서사,1
사장,1
이스터,1
탄생,1
딴전,1
갸,1
보탬,1
기다랗,1
토막,1
속삭임,1
전조,1
휩,1
엌,1
리석,1
성의,1
비틀거렸는,1
혈족,1
삼촌,1
고모,1
정다운,1
초상집,1
아름드리,1
밤샘,1
교본,1
어주기,1
퍼득이,1
잔불,1
짚,1
완연,1
주춤,1
숲길,1
지핀,1
성장,1
인기척,1
뒤안,1
어져나갈,1
바바,1
정렬,1
솔숲,1
체조,1
줄넘기,1
펌프,1
김치,1
자급자족,1
맨손체조,1
영아,1
바퀴벌레,1
노산,1
지병,1
고혈압,1
파출부,1
노점상,1
자서,1
분홍,1
상응,1
활엽수,1
돌담,1
오름,1
뻥뻥,1
손금,1
터울,1
낳을,1
사산,1
보답,1
세간,1
보존,1
찬장,1
놋,1
부어,1
정반대,1
남방,1
완도,1
고속,1
페리,1
안마,1
시냐,1
요통,1
나물,1
무어,1
튤립,1
대부,1
삼일,1
공백,1
엠티,1
무전,1
쌈짓돈,1
붕,1
뒹,1
앉은뱅이,1
고드름,1
분홍색,1
어섰다,1
팔이,1
뒤치락,1
일중독,1
장학금,1
우등,1
등록금,1
렀다느,1
입시,1
미안,1
월말,1
고사,1
젊은이,1
지인,1
구명,1
러잖아,1
체육,1
필수,1
과목,1
소질,1
북해,1
연안,1
궂,1
겨울비,1
불지,1
눈화장,1
지장,1
인원,1
퇴폐,1
가제,1
비행기표,1
소독,1
공항버스,1
별천지,1
염주,1
굴리,1
광신도,1
완벽,1
삭제,1
단박,1
번개,1
실행,1
재앙,1
터주,1
스케줄,1
하모니카,1
멸하,1
맹인,1
목청껏,1
복음,1
칸칸,1
포트폴리오,1
유가족,1
계약서,1
제주,1
중위,1
멀미,1
치명,1
소설가,1
경범죄,1
무인,1
불기,1
정박,1
어부,1
목말,1
고인,1
마르다,1
찰싹,1
수영장,1
짬짬이,1
일가견,1
작전,1
지휘,1
해경이,1
함박눈,1
망치,1
만해문학상,1
송이,1
태권도,1
봉고차,1
보편,1
황순원문학상,1
연작,1
국영,1
기성품,1
대략,1
예명,1
광차,1
시침,1
로불,1
밀물,1
산짐승,1
초고,1
요일,1
잘해야,1
꼭지,1
목록,1
땅꼼,1
벼린,1
일산,1
봉하,1
미장원,1
생채,1
환부,1
해방,1
과분,1
홀로,1
여벌,1
모멸,1
허영,1
흰자,1
피고,1
리털,1
유전,1
뿌,1
약국,1
헛소,1
리친,1
우지끈,1
원인,1
명징,1
찌개,1
해리,1
이기심,1
요가,1
자네,1
밥풀,1
정월,1
대보름날,1
서식,1
앨범,1
한계,1
인터,1
뭣하,1
이탈리아,1
라파,1
르테,1
시비,1
중이,1
산돼지,1
껄끄러운,1
양파,1
불원,1
절실,1
악한,1
어햇다,1
해소,1
혀뿌리,1
잘룩,1
돌잔치,1
자생,1
천연기념물,1
약재,1
소수만,1
고용주,1
원한,1
발문,1
관자놀이,1
총,1
겨누,1
산도,1
환청,1
우송,1
컴,1
색약,1
깃털,1
색액,1
흘,1
참빗,1
기질,1
겨냥,1
코피,1
극히,1
호통,1
원론,1
위주,1
배추흰나비,1
문간,1
별난,1
젯,1
남색,1
칼라,1
핏물,1
학생용,1
사례,1
고름,1
의상,1
들먹거렸다,1
황도,1
숨결,1
한갓,1
수작,1
둥지,1
열거,1
전하,1
러뜨리,1
휘저으,1
엉금엉금,1
이상하,1
괸,1
뭉뚱그려,1
흙덩이,1
꼼지락,1
통조림,1
효,1
모모,1
슬금슬금,1
노숙,1
살래살래,1
지로,1
완구,1
종이접기,1
집애,1
쭉,1
도망질,1
정신병원,1
삿대질,1
지팡이,1
얜,1
변상,1
꾹,1
태세,1
문젭,1
중국집,1
분식집,1
점원,1
복장,1
다짜고짜,1
무마,1
갔,1
밝기,1
널빤지,1
무심코,1
구경꾼,1
할인점,1
매장,1
주름살,1
허벅다리,1
아마추어,1
차바퀴,1
끝부,1
흥,1
왕인,1
닷새,1
스르,1
퀴었다,1
강풍,1
떼처,1
요즈음,1
심증,1
곱슬,1
사마귀,1
렁대,1
비늘,1
푸르렀다,1
물고기,1
거랬는데,1
어지럼치,1
헤어,1
드랑,1
샘플,1
생활용품,1
수지,1
생쥐,1
두창,1
손위,1
돌리지,1
번민,1
대학생,1
가이드,1
공양,1
천진시,1
궁촌,1
어던진,1
한달음,1
궁촌리란,1
생계,1
수긍,1
개키,1
스표,1
웬일,1
비틀비틀,1
나야,1
음담,1
왕십리,1
봤더랬,1
붉혔다,1
목격,1
진서,1
킹,1
기름값,1
빼,1
는걸,1
운전대,1
철학,1
겨온,1
상세,1
부하,1
된장찌개,1
회기동,1
루룩,1
히쭉,1
세한,1
천리,1
찬결,1
수리,1
차곡차곡,1
자도,1
가으내,1
오일장,1
불신,1
확대,1
바짝,1
활보,1
행방불명,1
꽃처럼,1
던지기,1
외꼬았었다,1
민들레,1
느새,1
소란,1
어지럼,1
아슴아슴,1
잎사귀,1
유배,1
공양왕릉,1
몸통,1
한양,1
문간방,1
나니,1
여름철,1
홍채,1
손수,1
행주,1
어흑어흑,1
열의,1
그릴,1
어올,1
낙엽,1
철문,1
강냉이,1
머릿결,1
홀어머니,1
지그,1
물씬,1
인삼,1
대추,1
외아들,1
성냥,1
뒷문,1
자수,1
성가,1
대치,1
진회,1
모진,1
빙빙,1
관솔불,1
듣기,1
훤하,1
벌벌,1
밀지,1
럿,1
거무죽,1
궐련,1
입천장,1
총탄,1
이씨,1
사십분,1
한글,1
더냐,1
빗물,1
쭈뼛,1
일어나고,1
칸방,1
뒤뚱거리,1
칭,1
발뒤꿈치,1
침침,1
삐거덕,1
아부,1
냉큼,1
멍하니,1
부채꼴,1
흘긋,1
콧날,1
홀려,1
워진,1
홈질,1
망연,1
손끝,1
녹물,1
직효,1
산신령,1
까딱,1
르륵,1
국제,1
다음해,1
해인,1
동도,1
꼭두새벽,1
정착,1
걸스,1
개학,1
화전민,1
무르팍,1
참다랗,1
심지,1
그을,1
탐방,1
냉담,1
흉내내,1
늉,1
냉이,1
부쩍,1
식탐,1
마려워,1
샅샅,1
반기,1
뀌,1
눈곱,1
느이,1
컬컬,1
얼핏얼핏,1
희끄무레,1
부평초,1
좁쌀,1
주선,1
여물,1
혼백,1
반향,1
무장,1
앞섶,1
경직,1
솜타,1
질질,1
꾸러미,1
꿀,1
늘그,1
등나무,1
하늘색,1
어둑신,1
외틀,1
석회,1
여권,1
운전면허,1
뱀,1
초록빛,1
러보았,1
면허증,1
갱신,1
구천,1
빼주,1
바둑판,1
춘추,1
베끼,1
반짇고리,1
필심,1
양칫물,1
헹구,1
혼방,1
집행,1
구차,1
로라,1
여야,1
요약,1
감미,1
시공간,1
노랫말,1
걸인,1
명동,1
구걸,1
그이,1
이즈음,1
매스컴,1
국수,1
사형,1
초생,1
달빛,1
지시,1
국숫발,1
쓰기,1
암기,1
어휘,1
진눈,1
방수,1
겉감,1
나타,1
부신,1
빈집,1
어흑,1
명치끝,1
소맷자락,1
역마,1
음악처럼,1
증발,1
재킷,1
부근,1
움큼,1
사타구니,1
라진,1
웅웅거리,1
가출,1
절제,1
자유,1
슨,1
베이지,1
델,1
정비,1
버지,1
한해,1
남녀공학,1
십사,1
영업,1
실눈,1
제때,1
뒤예,1
어려움,1
반년,1
허비,1
한가운데,1
다세대,1
기적처럼,1
헛간,1
지우,1
닢,1
전당포,1
삼십오,1
박보,1
차차,1
땡볕,1
비키,1
낮술,1
도마뱀,1
전광판,1
야멸차,1
전번,1
먹이,1
간살,1
문틈,1
은혜,1
깃점,1
무인도,1
등대,1
뭍,1
악마,1
혈기,1
산산이,1
었으리,1
압정,1
치맛,1
조끼,1
뚱,1
즙액,1
만인,1
달음박질,1
만취,1
찡긋,1
돌이,1
완불하,1
앞면,1
사인,1
카롭,1
로그,1
두웠다,1
대기실,1
광선,1
허송,1
살갑,1
마누라,1
알았더랬,1
적색,1
배경인,1
자서전,1
접때,1
사진책,1
사놨더랬,1
균형감각,1
짓거리,1
외박,1
선금,1
비커,1
비직,1
면허,1
취득,1
셋값,1
악바리,1
부득부득,1
사두,1
신용카드,1
거수경례,1
순서,1
호텔,1
간발,1
온라인,1
출하,1
생월,1
부들부들,1
텅스텐,1
맺혔,1
오백,1
오백이,1
군인,1
치기,1
육십만원,1
벽면,1
리자,1
한밤,1
상대로,1
소송,1
사가,1
주자,1
서민,1
정미,1
진폐증,1
타이어,1
경망,1
쩌,1
려니,1
췌장암,1
성모,1
이태원,1
스튜디오,1
즐,1
재주,1
부리고,1
따름,1
라라,1
천막,1
장방형,1
뒷골목,1
탕,1
러살,1
책임감,1
적응,1
노릇,1
허드렛일,1
발악,1
실의,1
유감,1
독특,1
마스코트,1
객,1
청곡,1
부동,1
작동,1
화살,1
용돈,1
오그,1
청계천,1
백만원,1
자하,1
어쨌단,1
체인점,1
환절기,1
옷가게,1
알코올중독자,1
병따개,1
빈속,1
대번,1
위액,1
동넨,1
세방,1
부와,1
팽창해,1
영등포역,1
사기,1
음색,1
요청,1
쩌렁,1
생존자,1
병아리,1
오열,1
목마름,1
닝복,1
적대,1
인신,1
덕택,1
코드,1
잡풀,1
대안,1
북어,1
드라마,1
생방송,1
책장,1
웅거,1
볼멘소리,1
큰아들,1
멜빵,1
기력,1
고구마,1
낭창낭창,1
녘처,1
벼락,1
하혈,1
추어,1
오신,1
움찔,1
신원,1
나치,1
볼룸,1
나주,1
패티김,1
바이브,1
션,1
성량,1
음폭,1
재능,1
귓전,1
크리넥스,1
자코,1
하소연,1
상행,1
부상,1
동강,1
퇴락,1
위장,1
고등,1
옮,1
여고생,1
경인선,1
골절,1
중상,1
뒤집힌,1
저었,1
소규모,1
종합병원,1
음소,1
차트,1
철조망,1
들것,1
발차,1
임시,1
출퇴근,1
양치질,1
황곡발,1
별개,1
었는지,1
하차,1
스카프,1
성인,1
마스크,1
팔백오십,1
추전역,1
고속도로,1
승합차,1
끝일,1
절정,1
동굴,1
빙그레,1
수려,1
끼니,1
알약,1
회진,1
일만이,1
젖병,1
쌔,1
영화평론가,1
주요,1
마이크,1
뺑소니,1
주기도,1
풀꽃,1
어넣곤,1
언성,1
이인,1
연결고리,1
둘째,1
쐐기,1
차하,1
낭자,1
조반,1
세례,1
용이,1
군살,1
승려,1
물수건,1
칠백,1
푹,1
만둣집,1
발전차,1
개탄,1
대기업,1
정치인,1
듯말,1
일전,1
문병,1
우편,1
냥,1
제목,1
이점,1
고철,1
보증,1
시안,1
주장,1
무고,1
칼럼,1
대통령,1
분향소,1
소화기,1
역대,1
관계자,1
전원,1
문책,1
본보기,1
세근,1
백일,1
빠듯했다,1
분산,1
유전자,1
감식,1
국무총리,1
만두,1
양산,1
을,1
쯔쯔,1
용한,1
냉,1
장고,1
야채,1
비닐봉투,1
요양,1
다음주,1
수속,1
고난,1
누이동생,1
손수건,1
방송국,1
청국장,1
직업병,1
늪,1
아카시아,1
각기,1
어투였다,1
음료,1
초순,1
어모,1
안녕하십니까,1
리통,1
부드러움,1
고루,1
이윽고,1
자제,1
범죄자,1
살인자,1
반추,1
소환,1
은연중,1
혼합,1
재인식,1
다시금,1
상쇄되기,1
유행,1
가루약,1
여독,1
나직,1
여운,1
주목,1
음보,1
이란,1
장편,1
반딧불,1
림,1
위편,1
화지,1
감히,1
활활,1
곤충,1
찬연,1
무미,1
곰살궂게,1
투입,1
판촉,1
분류,1
주일,1
남해,1
뼛가루,1
닻,1
당선,1
맏,1
컴퓨,1
예술가,1
이상문학상,1
누누,1
동리,1
일괄,1
질리,1
육년,1
김해,1
횟수,1
입대,1
신춘문예,1
휴학,1
충만,1
남진우,1
홍,1
황홀,1
도망,1
특이,1
강조,1
이하,1
콘텐츠,1
구성,1
청각,1
시점,1
잊힌,1
돕기,1
소멸,1
허무,1
맞이,1
로소,1
예술,1
복기,1
김병익,1
우수,1
빈곤,1
국문과,1
절뚝,1
몸소,1
복판,1
다그,1
표면,1
지각,1
의무,1
합당,1
숙명,1
실패,1
양동,1
어했던,1
육식동물,1
윤리,1
불운,1
세파,1
예비,1
방향성,1
오인,1
뜻일,1
소음,1
스테인리스,1
더라도,1
가정,1
기원,1
속사정,1
요컨대,1
고로,1
쩌렁쩌렁,1
닥치,1
안과,1
러낸다,1
유한,1
대학로,1
고독,1
어둑어,1
답답,1
어둠인,1
즉,1
연유,1
라지,1
행로,1
파동,1
농도,1
바란,1
평생소원,1
테마,1
변해버,1
숲속,1
조명하,1
도끼,1
뇌일혈,1
만장일치,1
여로,1
외심,1
무의미,1
